<beans xmlns="http://www.springframework.org/schema/beans"
	xmlns:xsi="http://www.w3.org/2001/XMLSchema-instance" xmlns:mvc="http://www.springframework.org/schema/mvc"
	xmlns:context="http://www.springframework.org/schema/context"
	xmlns:aop="http://www.springframework.org/schema/aop" xmlns:tx="http://www.springframework.org/schema/tx"
	xsi:schemaLocation="http://www.springframework.org/schema/beans 
		http://www.springframework.org/schema/beans/spring-beans-3.2.xsd 
		http://www.springframework.org/schema/mvc 
		http://www.springframework.org/schema/mvc/spring-mvc-3.2.xsd 
		http://www.springframework.org/schema/context 
		http://www.springframework.org/schema/context/spring-context-3.2.xsd 
		http://www.springframework.org/schema/aop 
		http://www.springframework.org/schema/aop/spring-aop-3.2.xsd 
		http://www.springframework.org/schema/tx 
		http://www.springframework.org/schema/tx/spring-tx-3.2.xsd ">


	 <!-- 使用声明式事务配置，可以有效规范代码 -->
	 
	 <!-- 事务管理器 -->
	 <bean id="transactionManager" 
	 		class="org.springframework.jdbc.datasource.DataSourceTransactionManager">
	 	<property name="dataSource" ref="dataSource"/>
	 </bean>
	 
	 <!-- 通知 -->
	 <tx:advice id="txAdvice" transaction-manager="transactionManager">
	 	<tx:attributes>
	 		<tx:method name="save*" propagation="REQUIRED"/>
	 		<tx:method name="insert*" propagation="REQUIRED"/>
	 		<tx:method name="update*" propagation="REQUIRED"/>
	 		<tx:method name="delete*" propagation="REQUIRED"/>
	 		<tx:method name="find*" propagation="SUPPORTS" read-only="true"/>
	 		<tx:method name="select*" propagation="SUPPORTS" read-only="true"/>
	 		<tx:method name="get*" propagation="SUPPORTS" read-only="true"/>
	 	</tx:attributes>
	 </tx:advice>
	 
	 <!-- aop -->
	 <aop:config>
	 	<aop:advisor advice-ref="txAdvice"
	 				 pointcut="execution(* cn.itcast.ssm.service.impl.*.*(..))"/>
	 </aop:config>
	
</beans>