<beans xmlns="http://www.springframework.org/schema/beans"
	xmlns:xsi="http://www.w3.org/2001/XMLSchema-instance" xmlns:mvc="http://www.springframework.org/schema/mvc"
	xmlns:context="http://www.springframework.org/schema/context"
	xmlns:aop="http://www.springframework.org/schema/aop" xmlns:tx="http://www.springframework.org/schema/tx"
	xsi:schemaLocation="http://www.springframework.org/schema/beans 
		http://www.springframework.org/schema/beans/spring-beans-3.2.xsd 
		http://www.springframework.org/schema/mvc 
		http://www.springframework.org/schema/mvc/spring-mvc-3.2.xsd 
		http://www.springframework.org/schema/context 
		http://www.springframework.org/schema/context/spring-context-3.2.xsd 
		http://www.springframework.org/schema/aop 
		http://www.springframework.org/schema/aop/spring-aop-3.2.xsd 
		http://www.springframework.org/schema/tx 
		http://www.springframework.org/schema/tx/spring-tx-3.2.xsd ">

	<!-- 使用spring组件扫描 -->
	<context:component-scan base-package="cn.itcast.ssm.controller" />

	<!-- 静态资源 解析 -->
	<mvc:resources location="/js/" mapping="/js/**" />
	<mvc:resources location="/img/" mapping="/img/**" />

	<!-- 通过annotation-driven可以替代下边的处理器映射器和适配器 -->
	<!-- <mvc:annotation-driven conversion-service="conversionService"> </mvc:annotation-driven> -->

	<!-- 注解处理器映射器 -->
	<bean
		class="org.springframework.web.servlet.mvc.method.annotation.RequestMappingHandlerMapping">
	</bean>


	<!-- 注解适配器 -->
	<bean
		class="org.springframework.web.servlet.mvc.method.annotation.RequestMappingHandlerAdapter">
		<!-- 在webBindingInitializer中注入自定义属性编辑器、自定义转换器 -->
		<property name="webBindingInitializer" ref="customBinder"></property>
		<!-- 加入 json数据的消息转换器 MappingJacksonHttpMessageConverter依赖Jackson的包 -->
		<property name="messageConverters">
			<list>
				<bean
					class="org.springframework.http.converter.json.MappingJacksonHttpMessageConverter"></bean>
			</list>
		</property>

	</bean>

	<!-- 配置视图解析器 要求将jstl的包加到classpath -->
	<!-- ViewResolver -->
	<bean
		class="org.springframework.web.servlet.view.InternalResourceViewResolver">
		<property name="prefix" value="/WEB-INF/jsp/" />
		<property name="suffix" value=".jsp" />
	</bean>


	<!-- 自定义webBinder -->
	<bean id="customBinder"
		class="org.springframework.web.bind.support.ConfigurableWebBindingInitializer">
		<!-- 使用converter进行参数转 -->
		<property name="conversionService" ref="conversionService" />
		<!-- 配置validator -->
		<property name="validator" ref="validator" />

		<!-- propertyEditorRegistrars用于属性编辑器 -->
		<!-- <property name="propertyEditorRegistrars"> <list> <ref bean="customPropertyEditor" 
			/> </list> </property> -->
	</bean>

	<!-- 文件上传 -->
	<bean id="multipartResolver"
		class="org.springframework.web.multipart.commons.CommonsMultipartResolver">
		<!-- 设置上传文件的最大尺寸为5MB -->
		<property name="maxUploadSize">
			<value>5242880</value>
		</property>
	</bean>
	<!-- 定义统一异常处理器 -->
	<bean class="cn.itcast.ssm.exception.CustomExceptionResolver"></bean>

	<!-- 注册属性编辑器 -->
	<bean id="customPropertyEditor"
		class="cn.itcast.ssm.controller.propertyeditor.CustomPropertyEditor"></bean>

	<!-- 转换器 -->
	<bean id="conversionService"
		class="org.springframework.format.support.FormattingConversionServiceFactoryBean">
		<property name="converters">
			<list>
				<bean class="cn.itcast.ssm.controller.converter.CustomDateConverter" />
				<bean class="cn.itcast.ssm.controller.converter.StringTrimConverter" />
			</list>
		</property>
	</bean>


	<!--拦截器 -->
	<mvc:interceptors>
		<!--多个拦截器,顺序执行 -->
		<!-- <mvc:interceptor>
			<mvc:mapping path="/**" />
			<bean class="cn.itcast.ssm.controller.interceptor.HandlerInterceptor1"></bean>
		</mvc:interceptor>
		<mvc:interceptor>
			<mvc:mapping path="/**" />
			<bean class="cn.itcast.ssm.controller.interceptor.HandlerInterceptor2"></bean>
		</mvc:interceptor> -->
		
		<mvc:interceptor>
			<!-- /**可以拦截路径不管多少层 -->
			<mvc:mapping path="/**" />
			<bean class="cn.itcast.ssm.controller.interceptor.LoginInterceptor"></bean>
		</mvc:interceptor>
	</mvc:interceptors>




	<!-- 校验器 -->
	<bean id="validator"
		class="org.springframework.validation.beanvalidation.LocalValidatorFactoryBean">
		<!-- 校验器 -->
		<property name="providerClass" value="org.hibernate.validator.HibernateValidator" />
		<!-- 指定校验使用的资源文件，如果不指定则默认使用classpath下的ValidationMessages.properties -->
		<property name="validationMessageSource" ref="messageSource" />
	</bean>
	<!-- 校验错误信息配置文件 -->
	<bean id="messageSource"
		class="org.springframework.context.support.ReloadableResourceBundleMessageSource">
		<!-- 资源文件名 -->
		<property name="basenames">
			<list>
				<value>classpath:CustomValidationMessages</value>
			</list>
		</property>
		<!-- 资源文件编码格式 -->
		<property name="fileEncodings" value="utf-8" />
		<!-- 对资源文件内容缓存时间，单位秒 -->
		<property name="cacheSeconds" value="120" />
	</bean>


</beans>