<beans xmlns="http://www.springframework.org/schema/beans"
	xmlns:xsi="http://www.w3.org/2001/XMLSchema-instance" xmlns:mvc="http://www.springframework.org/schema/mvc"
	xmlns:context="http://www.springframework.org/schema/context"
	xmlns:aop="http://www.springframework.org/schema/aop" xmlns:tx="http://www.springframework.org/schema/tx"
	xsi:schemaLocation="http://www.springframework.org/schema/beans 
		http://www.springframework.org/schema/beans/spring-beans-3.2.xsd 
		http://www.springframework.org/schema/mvc 
		http://www.springframework.org/schema/mvc/spring-mvc-3.2.xsd 
		http://www.springframework.org/schema/context 
		http://www.springframework.org/schema/context/spring-context-3.2.xsd 
		http://www.springframework.org/schema/aop 
		http://www.springframework.org/schema/aop/spring-aop-3.2.xsd 
		http://www.springframework.org/schema/tx 
		http://www.springframework.org/schema/tx/spring-tx-3.2.xsd ">

	<!-- 配置Handler 由于使用了BeanNameUrlHandlerMapping处理映射器，name配置为url -->
	<bean id="itemController1" name="/itemList.action"
		class="cn.itcast.springmvc.first.ItemController1" />

	<!-- handler2 -->
	<bean id="itemController2" class="cn.itcast.springmvc.first.ItemController2"></bean>

	<!-- 注解的handler，单个配置 -->
	<!-- <bean class="cn.itcast.springmvc.first.ItemController3"/> -->
	<!-- 使用spring组件扫描 -->
	<context:component-scan base-package="cn.itcast.springmvc.first" />

	<!-- 配置处理器映射器 springmvc框架根据HandlerMapping接口判断是否是处理器映射器 -->
	<!-- 根据bean的name进行查找Handler 将action的url配置在bean的name中 -->
	<bean
		class="org.springframework.web.servlet.handler.BeanNameUrlHandlerMapping" />


	<!--简单url映射 集中配置bean的id对应 的url -->
	<bean class="org.springframework.web.servlet.handler.SimpleUrlHandlerMapping">
		<property name="mappings">
			<props>
				<prop key="/itemsTest1.action">itemController1</prop>
				<prop key="/itemsTest2.action">itemController2</prop>
			</props>
		</property>
	</bean>

	<!-- 注解处理器映射器 -->
	<bean
		class="org.springframework.web.servlet.mvc.method.annotation.RequestMappingHandlerMapping"></bean>


	<!-- 配置处理器适配器 springmvc框架根据HandlerAdapter接口判断是否是处理器适配器 -->
	<bean
		class="org.springframework.web.servlet.mvc.SimpleControllerHandlerAdapter" />

	<!-- HttpRequestHandlerAdapter适配器 -->
	<bean class="org.springframework.web.servlet.mvc.HttpRequestHandlerAdapter" />

	<!-- 注解适配器 -->
	<bean
		class="org.springframework.web.servlet.mvc.method.annotation.RequestMappingHandlerAdapter" />

	<!-- 配置视图解析器 要求将jstl的包加到classpath -->
	<!-- ViewResolver -->
	<bean
		class="org.springframework.web.servlet.view.InternalResourceViewResolver">
		<property name="prefix" value="/WEB-INF/jsp/" />
		<property name="suffix" value=".jsp" />

	</bean>


</beans>